filename,seed,sample_size,points_per_cluster,strata,cluster,r2
sample_10_state_county_desired_10ppc_1000_size_seed_1.pkl,1,1000,1000,county,desired,0.7832493759161441
sample_10_state_county_desired_10ppc_1000_size_seed_1213.pkl,1213,1000,1000,county,desired,0.7652480897474647
sample_10_state_county_desired_10ppc_1000_size_seed_123.pkl,123,1000,1000,county,desired,0.7819238399549489
sample_10_state_county_desired_10ppc_1000_size_seed_1234.pkl,1234,1000,1000,county,desired,0.811931869913175
sample_10_state_county_desired_10ppc_1000_size_seed_1415.pkl,1415,1000,1000,county,desired,0.7888228570968241
sample_10_state_county_desired_10ppc_1000_size_seed_42.pkl,42,1000,1000,county,desired,0.7696491582954725
sample_10_state_county_desired_10ppc_1000_size_seed_456.pkl,456,1000,1000,county,desired,0.800501278466606
sample_10_state_county_desired_10ppc_1000_size_seed_5678.pkl,5678,1000,1000,county,desired,0.7779297211690728
sample_10_state_county_desired_10ppc_1000_size_seed_789.pkl,789,1000,1000,county,desired,0.8132840253254116
sample_10_state_county_desired_10ppc_1000_size_seed_9101.pkl,9101,1000,1000,county,desired,0.8125962730640748
sample_10_state_county_desired_10ppc_100_size_seed_1.pkl,1,100,100,county,desired,0.26671924338341413
sample_10_state_county_desired_10ppc_100_size_seed_1213.pkl,1213,100,100,county,desired,0.704262057023479
sample_10_state_county_desired_10ppc_100_size_seed_123.pkl,123,100,100,county,desired,0.34265601148917
sample_10_state_county_desired_10ppc_100_size_seed_1234.pkl,1234,100,100,county,desired,0.6299366292616172
sample_10_state_county_desired_10ppc_100_size_seed_1415.pkl,1415,100,100,county,desired,0.6170076504618934
sample_10_state_county_desired_10ppc_100_size_seed_42.pkl,42,100,100,county,desired,0.4636656115780702
sample_10_state_county_desired_10ppc_100_size_seed_456.pkl,456,100,100,county,desired,0.6252241328885219
sample_10_state_county_desired_10ppc_100_size_seed_5678.pkl,5678,100,100,county,desired,0.6895855997020649
sample_10_state_county_desired_10ppc_100_size_seed_789.pkl,789,100,100,county,desired,0.5228572270066629
sample_10_state_county_desired_10ppc_100_size_seed_9101.pkl,9101,100,100,county,desired,0.4986193815026745
sample_10_state_county_desired_10ppc_200_size_seed_1.pkl,1,200,200,county,desired,0.685754877482147
sample_10_state_county_desired_10ppc_200_size_seed_1213.pkl,1213,200,200,county,desired,0.7421868907253504
sample_10_state_county_desired_10ppc_200_size_seed_123.pkl,123,200,200,county,desired,0.5130997016021362
sample_10_state_county_desired_10ppc_200_size_seed_1234.pkl,1234,200,200,county,desired,0.6365465434152249
sample_10_state_county_desired_10ppc_200_size_seed_1415.pkl,1415,200,200,county,desired,0.7333519218152167
sample_10_state_county_desired_10ppc_200_size_seed_42.pkl,42,200,200,county,desired,0.3095917551812162
sample_10_state_county_desired_10ppc_200_size_seed_456.pkl,456,200,200,county,desired,0.6526627782403136
sample_10_state_county_desired_10ppc_200_size_seed_5678.pkl,5678,200,200,county,desired,0.7276832083219325
sample_10_state_county_desired_10ppc_200_size_seed_789.pkl,789,200,200,county,desired,0.7320245422650731
sample_10_state_county_desired_10ppc_200_size_seed_9101.pkl,9101,200,200,county,desired,0.7371767319304429
sample_10_state_county_desired_10ppc_300_size_seed_1.pkl,1,300,300,county,desired,0.6915811262541778
sample_10_state_county_desired_10ppc_300_size_seed_1213.pkl,1213,300,300,county,desired,0.724150490387627
sample_10_state_county_desired_10ppc_300_size_seed_123.pkl,123,300,300,county,desired,0.6402444663941169
sample_10_state_county_desired_10ppc_300_size_seed_1234.pkl,1234,300,300,county,desired,0.6836306044689224
sample_10_state_county_desired_10ppc_300_size_seed_1415.pkl,1415,300,300,county,desired,0.7404362723857066
sample_10_state_county_desired_10ppc_300_size_seed_42.pkl,42,300,300,county,desired,0.5960254632152946
sample_10_state_county_desired_10ppc_300_size_seed_456.pkl,456,300,300,county,desired,0.723415292115509
sample_10_state_county_desired_10ppc_300_size_seed_5678.pkl,5678,300,300,county,desired,0.7327539070986371
sample_10_state_county_desired_10ppc_300_size_seed_789.pkl,789,300,300,county,desired,0.7194003401136111
sample_10_state_county_desired_10ppc_300_size_seed_9101.pkl,9101,300,300,county,desired,0.7158394679039144
sample_10_state_county_desired_10ppc_400_size_seed_1.pkl,1,400,400,county,desired,0.7462347096049224
sample_10_state_county_desired_10ppc_400_size_seed_1213.pkl,1213,400,400,county,desired,0.7538604812303669
sample_10_state_county_desired_10ppc_400_size_seed_123.pkl,123,400,400,county,desired,0.6973649404100964
sample_10_state_county_desired_10ppc_400_size_seed_1234.pkl,1234,400,400,county,desired,0.7131891464697522
sample_10_state_county_desired_10ppc_400_size_seed_1415.pkl,1415,400,400,county,desired,0.7526065791926736
sample_10_state_county_desired_10ppc_400_size_seed_42.pkl,42,400,400,county,desired,0.6224438067341309
sample_10_state_county_desired_10ppc_400_size_seed_456.pkl,456,400,400,county,desired,0.756762367291306
sample_10_state_county_desired_10ppc_400_size_seed_5678.pkl,5678,400,400,county,desired,0.6748821163251375
sample_10_state_county_desired_10ppc_400_size_seed_789.pkl,789,400,400,county,desired,0.7367801494304451
sample_10_state_county_desired_10ppc_400_size_seed_9101.pkl,9101,400,400,county,desired,0.748175956706782
sample_10_state_county_desired_10ppc_500_size_seed_1.pkl,1,500,500,county,desired,0.72729772776091
sample_10_state_county_desired_10ppc_500_size_seed_1213.pkl,1213,500,500,county,desired,0.7358124166490981
sample_10_state_county_desired_10ppc_500_size_seed_123.pkl,123,500,500,county,desired,0.7119208127994114
sample_10_state_county_desired_10ppc_500_size_seed_1234.pkl,1234,500,500,county,desired,0.7541131793814194
sample_10_state_county_desired_10ppc_500_size_seed_1415.pkl,1415,500,500,county,desired,0.7580743183162709
sample_10_state_county_desired_10ppc_500_size_seed_42.pkl,42,500,500,county,desired,0.6641366365898296
sample_10_state_county_desired_10ppc_500_size_seed_456.pkl,456,500,500,county,desired,0.7479175136506879
sample_10_state_county_desired_10ppc_500_size_seed_5678.pkl,5678,500,500,county,desired,0.714885770673638
sample_10_state_county_desired_10ppc_500_size_seed_789.pkl,789,500,500,county,desired,0.7696516136655296
sample_10_state_county_desired_10ppc_500_size_seed_9101.pkl,9101,500,500,county,desired,0.7698542740562967
sample_10_state_county_desired_10ppc_600_size_seed_1.pkl,1,600,600,county,desired,0.7090037341201786
sample_10_state_county_desired_10ppc_600_size_seed_1213.pkl,1213,600,600,county,desired,0.7457031848183746
sample_10_state_county_desired_10ppc_600_size_seed_123.pkl,123,600,600,county,desired,0.7521366603238102
sample_10_state_county_desired_10ppc_600_size_seed_1234.pkl,1234,600,600,county,desired,0.7727588751377128
sample_10_state_county_desired_10ppc_600_size_seed_1415.pkl,1415,600,600,county,desired,0.7345245924267414
sample_10_state_county_desired_10ppc_600_size_seed_42.pkl,42,600,600,county,desired,0.6837987387237476
sample_10_state_county_desired_10ppc_600_size_seed_456.pkl,456,600,600,county,desired,0.7787674747338912
sample_10_state_county_desired_10ppc_600_size_seed_5678.pkl,5678,600,600,county,desired,0.7767538411207572
sample_10_state_county_desired_10ppc_600_size_seed_789.pkl,789,600,600,county,desired,0.7824610291185213
sample_10_state_county_desired_10ppc_600_size_seed_9101.pkl,9101,600,600,county,desired,0.7922160500180249
sample_10_state_county_desired_10ppc_700_size_seed_1.pkl,1,700,700,county,desired,0.7547860469260457
sample_10_state_county_desired_10ppc_700_size_seed_1213.pkl,1213,700,700,county,desired,0.7565643882073124
sample_10_state_county_desired_10ppc_700_size_seed_123.pkl,123,700,700,county,desired,0.7623466687052556
sample_10_state_county_desired_10ppc_700_size_seed_1234.pkl,1234,700,700,county,desired,0.7867604144247652
sample_10_state_county_desired_10ppc_700_size_seed_1415.pkl,1415,700,700,county,desired,0.7681798372912557
sample_10_state_county_desired_10ppc_700_size_seed_42.pkl,42,700,700,county,desired,0.6946631073663481
sample_10_state_county_desired_10ppc_700_size_seed_456.pkl,456,700,700,county,desired,0.7942529587289744
sample_10_state_county_desired_10ppc_700_size_seed_5678.pkl,5678,700,700,county,desired,0.7612876551385628
sample_10_state_county_desired_10ppc_700_size_seed_789.pkl,789,700,700,county,desired,0.7997278213135615
sample_10_state_county_desired_10ppc_700_size_seed_9101.pkl,9101,700,700,county,desired,0.7912728473266224
sample_10_state_county_desired_10ppc_800_size_seed_1.pkl,1,800,800,county,desired,0.7692122366086229
sample_10_state_county_desired_10ppc_800_size_seed_1213.pkl,1213,800,800,county,desired,0.768422707408311
sample_10_state_county_desired_10ppc_800_size_seed_123.pkl,123,800,800,county,desired,0.7297963921618429
sample_10_state_county_desired_10ppc_800_size_seed_1234.pkl,1234,800,800,county,desired,0.801260586240954
sample_10_state_county_desired_10ppc_800_size_seed_1415.pkl,1415,800,800,county,desired,0.7626282750063184
sample_10_state_county_desired_10ppc_800_size_seed_42.pkl,42,800,800,county,desired,0.676862396757215
sample_10_state_county_desired_10ppc_800_size_seed_456.pkl,456,800,800,county,desired,0.7847950260465928
sample_10_state_county_desired_10ppc_800_size_seed_5678.pkl,5678,800,800,county,desired,0.7594960226568868
sample_10_state_county_desired_10ppc_800_size_seed_789.pkl,789,800,800,county,desired,0.8070175520782489
sample_10_state_county_desired_10ppc_800_size_seed_9101.pkl,9101,800,800,county,desired,0.8042373801862424
sample_10_state_county_desired_10ppc_900_size_seed_1.pkl,1,900,900,county,desired,0.782675567222936
sample_10_state_county_desired_10ppc_900_size_seed_1213.pkl,1213,900,900,county,desired,0.7743274100957241
sample_10_state_county_desired_10ppc_900_size_seed_123.pkl,123,900,900,county,desired,0.7540780053986521
sample_10_state_county_desired_10ppc_900_size_seed_1234.pkl,1234,900,900,county,desired,0.8107563086681091
sample_10_state_county_desired_10ppc_900_size_seed_1415.pkl,1415,900,900,county,desired,0.7846311838134359
sample_10_state_county_desired_10ppc_900_size_seed_42.pkl,42,900,900,county,desired,0.6852528711004383
sample_10_state_county_desired_10ppc_900_size_seed_456.pkl,456,900,900,county,desired,0.7894594003254805
sample_10_state_county_desired_10ppc_900_size_seed_5678.pkl,5678,900,900,county,desired,0.7723451533189882
sample_10_state_county_desired_10ppc_900_size_seed_789.pkl,789,900,900,county,desired,0.813171973682087
sample_10_state_county_desired_10ppc_900_size_seed_9101.pkl,9101,900,900,county,desired,0.8031664867750626
sample_10_state_county_desired_25ppc_1000_size_seed_1.pkl,1,1000,1000,county,desired,0.7191716527646366
sample_10_state_county_desired_25ppc_1000_size_seed_1213.pkl,1213,1000,1000,county,desired,0.7686985941139005
sample_10_state_county_desired_25ppc_1000_size_seed_123.pkl,123,1000,1000,county,desired,0.7926432274047444
sample_10_state_county_desired_25ppc_1000_size_seed_1234.pkl,1234,1000,1000,county,desired,0.7666695209475262
sample_10_state_county_desired_25ppc_1000_size_seed_1415.pkl,1415,1000,1000,county,desired,0.784642136473948
sample_10_state_county_desired_25ppc_1000_size_seed_42.pkl,42,1000,1000,county,desired,0.7111652384249334
sample_10_state_county_desired_25ppc_1000_size_seed_456.pkl,456,1000,1000,county,desired,0.7687032538503765
sample_10_state_county_desired_25ppc_1000_size_seed_5678.pkl,5678,1000,1000,county,desired,0.7572446132316867
sample_10_state_county_desired_25ppc_1000_size_seed_789.pkl,789,1000,1000,county,desired,0.7971889623702213
sample_10_state_county_desired_25ppc_1000_size_seed_9101.pkl,9101,1000,1000,county,desired,0.7884438130427457
sample_10_state_county_desired_25ppc_100_size_seed_1.pkl,1,100,100,county,desired,0.6892829099996916
sample_10_state_county_desired_25ppc_100_size_seed_1213.pkl,1213,100,100,county,desired,0.7225600148956168
sample_10_state_county_desired_25ppc_100_size_seed_123.pkl,123,100,100,county,desired,0.4310255891163046
sample_10_state_county_desired_25ppc_100_size_seed_1234.pkl,1234,100,100,county,desired,0.568241253027852
sample_10_state_county_desired_25ppc_100_size_seed_1415.pkl,1415,100,100,county,desired,0.5019086425055028
sample_10_state_county_desired_25ppc_100_size_seed_42.pkl,42,100,100,county,desired,0.5185863931872432
sample_10_state_county_desired_25ppc_100_size_seed_456.pkl,456,100,100,county,desired,0.657255696241865
sample_10_state_county_desired_25ppc_100_size_seed_5678.pkl,5678,100,100,county,desired,0.6866742551233118
sample_10_state_county_desired_25ppc_100_size_seed_789.pkl,789,100,100,county,desired,0.45340294048269003
sample_10_state_county_desired_25ppc_100_size_seed_9101.pkl,9101,100,100,county,desired,0.5299027846485337
sample_10_state_county_desired_25ppc_200_size_seed_1.pkl,1,200,200,county,desired,0.6640123616320688
sample_10_state_county_desired_25ppc_200_size_seed_1213.pkl,1213,200,200,county,desired,0.7665806306094551
sample_10_state_county_desired_25ppc_200_size_seed_123.pkl,123,200,200,county,desired,0.4214654668916584
sample_10_state_county_desired_25ppc_200_size_seed_1234.pkl,1234,200,200,county,desired,0.5251761092427731
sample_10_state_county_desired_25ppc_200_size_seed_1415.pkl,1415,200,200,county,desired,0.6477709049092466
sample_10_state_county_desired_25ppc_200_size_seed_42.pkl,42,200,200,county,desired,0.5712834344940938
sample_10_state_county_desired_25ppc_200_size_seed_456.pkl,456,200,200,county,desired,0.6874762975099257
sample_10_state_county_desired_25ppc_200_size_seed_5678.pkl,5678,200,200,county,desired,0.6768665338752551
sample_10_state_county_desired_25ppc_200_size_seed_789.pkl,789,200,200,county,desired,0.5111218897496542
sample_10_state_county_desired_25ppc_200_size_seed_9101.pkl,9101,200,200,county,desired,0.5458707106569176
sample_10_state_county_desired_25ppc_300_size_seed_1.pkl,1,300,300,county,desired,0.7176697456297041
sample_10_state_county_desired_25ppc_300_size_seed_1213.pkl,1213,300,300,county,desired,0.7522761610933341
sample_10_state_county_desired_25ppc_300_size_seed_123.pkl,123,300,300,county,desired,0.6671749256246446
sample_10_state_county_desired_25ppc_300_size_seed_1234.pkl,1234,300,300,county,desired,0.6712405169114928
sample_10_state_county_desired_25ppc_300_size_seed_1415.pkl,1415,300,300,county,desired,0.6956172117407429
sample_10_state_county_desired_25ppc_300_size_seed_42.pkl,42,300,300,county,desired,0.5716002632258464
sample_10_state_county_desired_25ppc_300_size_seed_456.pkl,456,300,300,county,desired,0.6352348026880745
sample_10_state_county_desired_25ppc_300_size_seed_5678.pkl,5678,300,300,county,desired,0.7446652855855695
sample_10_state_county_desired_25ppc_300_size_seed_789.pkl,789,300,300,county,desired,0.7239486997942404
sample_10_state_county_desired_25ppc_300_size_seed_9101.pkl,9101,300,300,county,desired,0.7227927311240401
sample_10_state_county_desired_25ppc_400_size_seed_1.pkl,1,400,400,county,desired,0.7441134714222681
sample_10_state_county_desired_25ppc_400_size_seed_1213.pkl,1213,400,400,county,desired,0.7497138028538662
sample_10_state_county_desired_25ppc_400_size_seed_123.pkl,123,400,400,county,desired,0.7009285825366043
sample_10_state_county_desired_25ppc_400_size_seed_1234.pkl,1234,400,400,county,desired,0.5886438522528682
sample_10_state_county_desired_25ppc_400_size_seed_1415.pkl,1415,400,400,county,desired,0.7352073769775038
sample_10_state_county_desired_25ppc_400_size_seed_42.pkl,42,400,400,county,desired,0.6546380471794085
sample_10_state_county_desired_25ppc_400_size_seed_456.pkl,456,400,400,county,desired,0.6640829370032598
sample_10_state_county_desired_25ppc_400_size_seed_5678.pkl,5678,400,400,county,desired,0.6915243747458556
sample_10_state_county_desired_25ppc_400_size_seed_789.pkl,789,400,400,county,desired,0.7651118525319713
sample_10_state_county_desired_25ppc_400_size_seed_9101.pkl,9101,400,400,county,desired,0.7509839833252947
sample_10_state_county_desired_25ppc_500_size_seed_1.pkl,1,500,500,county,desired,0.7498152892901975
sample_10_state_county_desired_25ppc_500_size_seed_1213.pkl,1213,500,500,county,desired,0.7557434098397908
sample_10_state_county_desired_25ppc_500_size_seed_123.pkl,123,500,500,county,desired,0.7195702043252646
sample_10_state_county_desired_25ppc_500_size_seed_1234.pkl,1234,500,500,county,desired,0.5845930603953378
sample_10_state_county_desired_25ppc_500_size_seed_1415.pkl,1415,500,500,county,desired,0.760750070426754
sample_10_state_county_desired_25ppc_500_size_seed_42.pkl,42,500,500,county,desired,0.6684645308862222
sample_10_state_county_desired_25ppc_500_size_seed_456.pkl,456,500,500,county,desired,0.6834135243543953
sample_10_state_county_desired_25ppc_500_size_seed_5678.pkl,5678,500,500,county,desired,0.7231927674471115
sample_10_state_county_desired_25ppc_500_size_seed_789.pkl,789,500,500,county,desired,0.749559650214414
sample_10_state_county_desired_25ppc_500_size_seed_9101.pkl,9101,500,500,county,desired,0.7525619806018619
sample_10_state_county_desired_25ppc_600_size_seed_1.pkl,1,600,600,county,desired,0.7753371748498848
sample_10_state_county_desired_25ppc_600_size_seed_1213.pkl,1213,600,600,county,desired,0.7682317382595413
sample_10_state_county_desired_25ppc_600_size_seed_123.pkl,123,600,600,county,desired,0.77786773869792
sample_10_state_county_desired_25ppc_600_size_seed_1234.pkl,1234,600,600,county,desired,0.6737854884727967
sample_10_state_county_desired_25ppc_600_size_seed_1415.pkl,1415,600,600,county,desired,0.7762485828813834
sample_10_state_county_desired_25ppc_600_size_seed_42.pkl,42,600,600,county,desired,0.6908902843431137
sample_10_state_county_desired_25ppc_600_size_seed_456.pkl,456,600,600,county,desired,0.6866399670421597
sample_10_state_county_desired_25ppc_600_size_seed_5678.pkl,5678,600,600,county,desired,0.7360549428385783
sample_10_state_county_desired_25ppc_600_size_seed_789.pkl,789,600,600,county,desired,0.7741188513223347
sample_10_state_county_desired_25ppc_600_size_seed_9101.pkl,9101,600,600,county,desired,0.7730869162748053
sample_10_state_county_desired_25ppc_700_size_seed_1.pkl,1,700,700,county,desired,0.6693878244989209
sample_10_state_county_desired_25ppc_700_size_seed_1213.pkl,1213,700,700,county,desired,0.7792512735435462
sample_10_state_county_desired_25ppc_700_size_seed_123.pkl,123,700,700,county,desired,0.7894876333050678
sample_10_state_county_desired_25ppc_700_size_seed_1234.pkl,1234,700,700,county,desired,0.7209453604842764
sample_10_state_county_desired_25ppc_700_size_seed_1415.pkl,1415,700,700,county,desired,0.7526467368002696
sample_10_state_county_desired_25ppc_700_size_seed_42.pkl,42,700,700,county,desired,0.6657033831616899
sample_10_state_county_desired_25ppc_700_size_seed_456.pkl,456,700,700,county,desired,0.7625338335667503
sample_10_state_county_desired_25ppc_700_size_seed_5678.pkl,5678,700,700,county,desired,0.7518719723523166
sample_10_state_county_desired_25ppc_700_size_seed_789.pkl,789,700,700,county,desired,0.7882378008319258
sample_10_state_county_desired_25ppc_700_size_seed_9101.pkl,9101,700,700,county,desired,0.7678309384998517
sample_10_state_county_desired_25ppc_800_size_seed_1.pkl,1,800,800,county,desired,0.6508900955184125
sample_10_state_county_desired_25ppc_800_size_seed_1213.pkl,1213,800,800,county,desired,0.7799581294998973
sample_10_state_county_desired_25ppc_800_size_seed_123.pkl,123,800,800,county,desired,0.7865517796617219
sample_10_state_county_desired_25ppc_800_size_seed_1234.pkl,1234,800,800,county,desired,0.7457718474161372
sample_10_state_county_desired_25ppc_800_size_seed_1415.pkl,1415,800,800,county,desired,0.752582280866255
sample_10_state_county_desired_25ppc_800_size_seed_42.pkl,42,800,800,county,desired,0.6952576305330972
sample_10_state_county_desired_25ppc_800_size_seed_456.pkl,456,800,800,county,desired,0.781448196433227
sample_10_state_county_desired_25ppc_800_size_seed_5678.pkl,5678,800,800,county,desired,0.7441392253308152
sample_10_state_county_desired_25ppc_800_size_seed_789.pkl,789,800,800,county,desired,0.7969029320442618
sample_10_state_county_desired_25ppc_800_size_seed_9101.pkl,9101,800,800,county,desired,0.7867811188291043
sample_10_state_county_desired_25ppc_900_size_seed_1.pkl,1,900,900,county,desired,0.6645455286962139
sample_10_state_county_desired_25ppc_900_size_seed_1213.pkl,1213,900,900,county,desired,0.7903605815115925
sample_10_state_county_desired_25ppc_900_size_seed_123.pkl,123,900,900,county,desired,0.7960302436548251
sample_10_state_county_desired_25ppc_900_size_seed_1234.pkl,1234,900,900,county,desired,0.7613701382030574
sample_10_state_county_desired_25ppc_900_size_seed_1415.pkl,1415,900,900,county,desired,0.777476612448027
sample_10_state_county_desired_25ppc_900_size_seed_42.pkl,42,900,900,county,desired,0.693840125426189
sample_10_state_county_desired_25ppc_900_size_seed_456.pkl,456,900,900,county,desired,0.7765860062836756
sample_10_state_county_desired_25ppc_900_size_seed_5678.pkl,5678,900,900,county,desired,0.751936063203148
sample_10_state_county_desired_25ppc_900_size_seed_789.pkl,789,900,900,county,desired,0.7890268492954609
sample_10_state_county_desired_25ppc_900_size_seed_9101.pkl,9101,900,900,county,desired,0.7825433096077863
sample_10_state_county_desired_2ppc_1000_size_seed_1.pkl,1,1000,1000,county,desired,0.782040405018805
sample_10_state_county_desired_2ppc_1000_size_seed_1213.pkl,1213,1000,1000,county,desired,0.8351064387051435
sample_10_state_county_desired_2ppc_1000_size_seed_123.pkl,123,1000,1000,county,desired,0.8003399610814347
sample_10_state_county_desired_2ppc_1000_size_seed_1234.pkl,1234,1000,1000,county,desired,0.8147300843571877
sample_10_state_county_desired_2ppc_1000_size_seed_1415.pkl,1415,1000,1000,county,desired,0.8158453249699716
sample_10_state_county_desired_2ppc_1000_size_seed_42.pkl,42,1000,1000,county,desired,0.7761759707165811
sample_10_state_county_desired_2ppc_1000_size_seed_456.pkl,456,1000,1000,county,desired,0.7796220895411963
sample_10_state_county_desired_2ppc_1000_size_seed_5678.pkl,5678,1000,1000,county,desired,0.8102179854088309
sample_10_state_county_desired_2ppc_1000_size_seed_789.pkl,789,1000,1000,county,desired,0.8175788929921789
sample_10_state_county_desired_2ppc_1000_size_seed_9101.pkl,9101,1000,1000,county,desired,0.82795695969118
sample_10_state_county_desired_2ppc_100_size_seed_1.pkl,1,100,100,county,desired,0.6232559089183027
sample_10_state_county_desired_2ppc_100_size_seed_1213.pkl,1213,100,100,county,desired,0.5581300102051098
sample_10_state_county_desired_2ppc_100_size_seed_123.pkl,123,100,100,county,desired,0.5185102521455307
sample_10_state_county_desired_2ppc_100_size_seed_1234.pkl,1234,100,100,county,desired,0.6060565608119417
sample_10_state_county_desired_2ppc_100_size_seed_1415.pkl,1415,100,100,county,desired,0.7423288982241965
sample_10_state_county_desired_2ppc_100_size_seed_42.pkl,42,100,100,county,desired,0.485572124501477
sample_10_state_county_desired_2ppc_100_size_seed_456.pkl,456,100,100,county,desired,0.6729668132162656
sample_10_state_county_desired_2ppc_100_size_seed_5678.pkl,5678,100,100,county,desired,0.7181238319751817
sample_10_state_county_desired_2ppc_100_size_seed_789.pkl,789,100,100,county,desired,0.685141711593044
sample_10_state_county_desired_2ppc_100_size_seed_9101.pkl,9101,100,100,county,desired,0.7488534794693444
sample_10_state_county_desired_2ppc_200_size_seed_1.pkl,1,200,200,county,desired,0.7377050485045129
sample_10_state_county_desired_2ppc_200_size_seed_1213.pkl,1213,200,200,county,desired,0.7296371072230368
sample_10_state_county_desired_2ppc_200_size_seed_123.pkl,123,200,200,county,desired,0.6935912645918455
sample_10_state_county_desired_2ppc_200_size_seed_1234.pkl,1234,200,200,county,desired,0.6331892394263616
sample_10_state_county_desired_2ppc_200_size_seed_1415.pkl,1415,200,200,county,desired,0.7564709314101686
sample_10_state_county_desired_2ppc_200_size_seed_42.pkl,42,200,200,county,desired,0.6720255997990218
sample_10_state_county_desired_2ppc_200_size_seed_456.pkl,456,200,200,county,desired,0.732626807662756
sample_10_state_county_desired_2ppc_200_size_seed_5678.pkl,5678,200,200,county,desired,0.7166632854353706
sample_10_state_county_desired_2ppc_200_size_seed_789.pkl,789,200,200,county,desired,0.7472570413943831
sample_10_state_county_desired_2ppc_200_size_seed_9101.pkl,9101,200,200,county,desired,0.6805072123513229
sample_10_state_county_desired_2ppc_300_size_seed_1.pkl,1,300,300,county,desired,0.7712213810049608
sample_10_state_county_desired_2ppc_300_size_seed_1213.pkl,1213,300,300,county,desired,0.7343231316584784
sample_10_state_county_desired_2ppc_300_size_seed_123.pkl,123,300,300,county,desired,0.7416179313943043
sample_10_state_county_desired_2ppc_300_size_seed_1234.pkl,1234,300,300,county,desired,0.757059535132828
sample_10_state_county_desired_2ppc_300_size_seed_1415.pkl,1415,300,300,county,desired,0.7810261896683357
sample_10_state_county_desired_2ppc_300_size_seed_42.pkl,42,300,300,county,desired,0.73063761332699
sample_10_state_county_desired_2ppc_300_size_seed_456.pkl,456,300,300,county,desired,0.7651708176947046
sample_10_state_county_desired_2ppc_300_size_seed_5678.pkl,5678,300,300,county,desired,0.7388398868885611
sample_10_state_county_desired_2ppc_300_size_seed_789.pkl,789,300,300,county,desired,0.7859643062564377
sample_10_state_county_desired_2ppc_300_size_seed_9101.pkl,9101,300,300,county,desired,0.7760075799603942
sample_10_state_county_desired_2ppc_400_size_seed_1.pkl,1,400,400,county,desired,0.7879278214690205
sample_10_state_county_desired_2ppc_400_size_seed_1213.pkl,1213,400,400,county,desired,0.7400756299526108
sample_10_state_county_desired_2ppc_400_size_seed_123.pkl,123,400,400,county,desired,0.7745785079541383
sample_10_state_county_desired_2ppc_400_size_seed_1234.pkl,1234,400,400,county,desired,0.76026813604651
sample_10_state_county_desired_2ppc_400_size_seed_1415.pkl,1415,400,400,county,desired,0.7760854136902513
sample_10_state_county_desired_2ppc_400_size_seed_42.pkl,42,400,400,county,desired,0.7354509629633477
sample_10_state_county_desired_2ppc_400_size_seed_456.pkl,456,400,400,county,desired,0.7333396383745702
sample_10_state_county_desired_2ppc_400_size_seed_5678.pkl,5678,400,400,county,desired,0.754343746719784
sample_10_state_county_desired_2ppc_400_size_seed_789.pkl,789,400,400,county,desired,0.795425948142678
sample_10_state_county_desired_2ppc_400_size_seed_9101.pkl,9101,400,400,county,desired,0.7957115006572811
sample_10_state_county_desired_2ppc_500_size_seed_1.pkl,1,500,500,county,desired,0.7876329282928674
sample_10_state_county_desired_2ppc_500_size_seed_1213.pkl,1213,500,500,county,desired,0.7658586939702812
sample_10_state_county_desired_2ppc_500_size_seed_123.pkl,123,500,500,county,desired,0.742944396727429
sample_10_state_county_desired_2ppc_500_size_seed_1234.pkl,1234,500,500,county,desired,0.7958435942250968
sample_10_state_county_desired_2ppc_500_size_seed_1415.pkl,1415,500,500,county,desired,0.8011871013388063
sample_10_state_county_desired_2ppc_500_size_seed_42.pkl,42,500,500,county,desired,0.735918209905942
sample_10_state_county_desired_2ppc_500_size_seed_456.pkl,456,500,500,county,desired,0.7389941230449213
sample_10_state_county_desired_2ppc_500_size_seed_5678.pkl,5678,500,500,county,desired,0.7363597279536234
sample_10_state_county_desired_2ppc_500_size_seed_789.pkl,789,500,500,county,desired,0.7906989670921096
sample_10_state_county_desired_2ppc_500_size_seed_9101.pkl,9101,500,500,county,desired,0.8059655581603556
sample_10_state_county_desired_2ppc_600_size_seed_1.pkl,1,600,600,county,desired,0.7901974688645614
sample_10_state_county_desired_2ppc_600_size_seed_1213.pkl,1213,600,600,county,desired,0.806789462485301
sample_10_state_county_desired_2ppc_600_size_seed_123.pkl,123,600,600,county,desired,0.7488613861542297
sample_10_state_county_desired_2ppc_600_size_seed_1234.pkl,1234,600,600,county,desired,0.781538004268082
sample_10_state_county_desired_2ppc_600_size_seed_1415.pkl,1415,600,600,county,desired,0.7935876577293067
sample_10_state_county_desired_2ppc_600_size_seed_42.pkl,42,600,600,county,desired,0.7046815681226887
sample_10_state_county_desired_2ppc_600_size_seed_456.pkl,456,600,600,county,desired,0.7449523483664733
sample_10_state_county_desired_2ppc_600_size_seed_5678.pkl,5678,600,600,county,desired,0.7622123676629029
sample_10_state_county_desired_2ppc_600_size_seed_789.pkl,789,600,600,county,desired,0.796855257298232
sample_10_state_county_desired_2ppc_600_size_seed_9101.pkl,9101,600,600,county,desired,0.8115186624996932
sample_10_state_county_desired_2ppc_700_size_seed_1.pkl,1,700,700,county,desired,0.7777571196568897
sample_10_state_county_desired_2ppc_700_size_seed_1213.pkl,1213,700,700,county,desired,0.799529498554965
sample_10_state_county_desired_2ppc_700_size_seed_123.pkl,123,700,700,county,desired,0.7690927385769286
sample_10_state_county_desired_2ppc_700_size_seed_1234.pkl,1234,700,700,county,desired,0.792583021615529
sample_10_state_county_desired_2ppc_700_size_seed_1415.pkl,1415,700,700,county,desired,0.8151311198888042
sample_10_state_county_desired_2ppc_700_size_seed_42.pkl,42,700,700,county,desired,0.7539122793258213
sample_10_state_county_desired_2ppc_700_size_seed_456.pkl,456,700,700,county,desired,0.744370544973938
sample_10_state_county_desired_2ppc_700_size_seed_5678.pkl,5678,700,700,county,desired,0.7726625296620835
sample_10_state_county_desired_2ppc_700_size_seed_789.pkl,789,700,700,county,desired,0.7933623450839484
sample_10_state_county_desired_2ppc_700_size_seed_9101.pkl,9101,700,700,county,desired,0.8151877514542911
sample_10_state_county_desired_2ppc_800_size_seed_1.pkl,1,800,800,county,desired,0.774597495487379
sample_10_state_county_desired_2ppc_800_size_seed_1213.pkl,1213,800,800,county,desired,0.8047197166969114
sample_10_state_county_desired_2ppc_800_size_seed_123.pkl,123,800,800,county,desired,0.7796819130551049
sample_10_state_county_desired_2ppc_800_size_seed_1234.pkl,1234,800,800,county,desired,0.7856442530348343
sample_10_state_county_desired_2ppc_800_size_seed_1415.pkl,1415,800,800,county,desired,0.8058724775155116
sample_10_state_county_desired_2ppc_800_size_seed_42.pkl,42,800,800,county,desired,0.7754510554753968
sample_10_state_county_desired_2ppc_800_size_seed_456.pkl,456,800,800,county,desired,0.7599497421783676
sample_10_state_county_desired_2ppc_800_size_seed_5678.pkl,5678,800,800,county,desired,0.7850466981118627
sample_10_state_county_desired_2ppc_800_size_seed_789.pkl,789,800,800,county,desired,0.801444333559537
sample_10_state_county_desired_2ppc_800_size_seed_9101.pkl,9101,800,800,county,desired,0.8197145060842322
sample_10_state_county_desired_2ppc_900_size_seed_1.pkl,1,900,900,county,desired,0.7882142436225732
sample_10_state_county_desired_2ppc_900_size_seed_1213.pkl,1213,900,900,county,desired,0.8081332322298649
sample_10_state_county_desired_2ppc_900_size_seed_123.pkl,123,900,900,county,desired,0.7956910542708171
sample_10_state_county_desired_2ppc_900_size_seed_1234.pkl,1234,900,900,county,desired,0.8047020080348186
sample_10_state_county_desired_2ppc_900_size_seed_1415.pkl,1415,900,900,county,desired,0.8211657359573411
sample_10_state_county_desired_2ppc_900_size_seed_42.pkl,42,900,900,county,desired,0.7702440007818314
sample_10_state_county_desired_2ppc_900_size_seed_456.pkl,456,900,900,county,desired,0.7764536800744128
sample_10_state_county_desired_2ppc_900_size_seed_5678.pkl,5678,900,900,county,desired,0.813237179718288
sample_10_state_county_desired_2ppc_900_size_seed_789.pkl,789,900,900,county,desired,0.8144456712706587
sample_10_state_county_desired_2ppc_900_size_seed_9101.pkl,9101,900,900,county,desired,0.8230477963691633
sample_10_state_county_desired_5ppc_1000_size_seed_1.pkl,1,1000,1000,county,desired,0.8003798159114186
sample_10_state_county_desired_5ppc_1000_size_seed_1213.pkl,1213,1000,1000,county,desired,0.7684143371105042
sample_10_state_county_desired_5ppc_1000_size_seed_123.pkl,123,1000,1000,county,desired,0.811859409201873
sample_10_state_county_desired_5ppc_1000_size_seed_1234.pkl,1234,1000,1000,county,desired,0.8223099466435645
sample_10_state_county_desired_5ppc_1000_size_seed_1415.pkl,1415,1000,1000,county,desired,0.8149380544974243
sample_10_state_county_desired_5ppc_1000_size_seed_42.pkl,42,1000,1000,county,desired,0.7698290061096535
sample_10_state_county_desired_5ppc_1000_size_seed_456.pkl,456,1000,1000,county,desired,0.7784552567596403
sample_10_state_county_desired_5ppc_1000_size_seed_5678.pkl,5678,1000,1000,county,desired,0.806565311252354
sample_10_state_county_desired_5ppc_1000_size_seed_789.pkl,789,1000,1000,county,desired,0.820148778446145
sample_10_state_county_desired_5ppc_1000_size_seed_9101.pkl,9101,1000,1000,county,desired,0.822645770523032
sample_10_state_county_desired_5ppc_100_size_seed_1.pkl,1,100,100,county,desired,0.6363855968336285
sample_10_state_county_desired_5ppc_100_size_seed_1213.pkl,1213,100,100,county,desired,0.6662725915068171
sample_10_state_county_desired_5ppc_100_size_seed_123.pkl,123,100,100,county,desired,0.4712621327204489
sample_10_state_county_desired_5ppc_100_size_seed_1234.pkl,1234,100,100,county,desired,0.6463785932225852
sample_10_state_county_desired_5ppc_100_size_seed_1415.pkl,1415,100,100,county,desired,0.5863839178575285
sample_10_state_county_desired_5ppc_100_size_seed_42.pkl,42,100,100,county,desired,0.46575780121287513
sample_10_state_county_desired_5ppc_100_size_seed_456.pkl,456,100,100,county,desired,0.6683489128899622
sample_10_state_county_desired_5ppc_100_size_seed_5678.pkl,5678,100,100,county,desired,0.6979628771701933
sample_10_state_county_desired_5ppc_100_size_seed_789.pkl,789,100,100,county,desired,0.6742374368500108
sample_10_state_county_desired_5ppc_100_size_seed_9101.pkl,9101,100,100,county,desired,0.541264049406602
sample_10_state_county_desired_5ppc_200_size_seed_1.pkl,1,200,200,county,desired,0.7224142486263537
sample_10_state_county_desired_5ppc_200_size_seed_1213.pkl,1213,200,200,county,desired,0.7033563200415724
sample_10_state_county_desired_5ppc_200_size_seed_123.pkl,123,200,200,county,desired,0.5863776963533229
sample_10_state_county_desired_5ppc_200_size_seed_1234.pkl,1234,200,200,county,desired,0.7207685938949957
sample_10_state_county_desired_5ppc_200_size_seed_1415.pkl,1415,200,200,county,desired,0.7528174792097382
sample_10_state_county_desired_5ppc_200_size_seed_42.pkl,42,200,200,county,desired,0.5519041988932754
sample_10_state_county_desired_5ppc_200_size_seed_456.pkl,456,200,200,county,desired,0.711236052646548
sample_10_state_county_desired_5ppc_200_size_seed_5678.pkl,5678,200,200,county,desired,0.7638834304069837
sample_10_state_county_desired_5ppc_200_size_seed_789.pkl,789,200,200,county,desired,0.7287639514044986
sample_10_state_county_desired_5ppc_200_size_seed_9101.pkl,9101,200,200,county,desired,0.759788198912414
sample_10_state_county_desired_5ppc_300_size_seed_1.pkl,1,300,300,county,desired,0.7636383705223471
sample_10_state_county_desired_5ppc_300_size_seed_1213.pkl,1213,300,300,county,desired,0.6872543464830443
sample_10_state_county_desired_5ppc_300_size_seed_123.pkl,123,300,300,county,desired,0.6472839136479728
sample_10_state_county_desired_5ppc_300_size_seed_1234.pkl,1234,300,300,county,desired,0.7624092942609686
sample_10_state_county_desired_5ppc_300_size_seed_1415.pkl,1415,300,300,county,desired,0.7756539338317181
sample_10_state_county_desired_5ppc_300_size_seed_42.pkl,42,300,300,county,desired,0.6498303458284624
sample_10_state_county_desired_5ppc_300_size_seed_456.pkl,456,300,300,county,desired,0.7047477304769959
sample_10_state_county_desired_5ppc_300_size_seed_5678.pkl,5678,300,300,county,desired,0.7646020881241484
sample_10_state_county_desired_5ppc_300_size_seed_789.pkl,789,300,300,county,desired,0.7512243661038673
sample_10_state_county_desired_5ppc_300_size_seed_9101.pkl,9101,300,300,county,desired,0.7748672519338091
sample_10_state_county_desired_5ppc_400_size_seed_1.pkl,1,400,400,county,desired,0.7807170600563902
sample_10_state_county_desired_5ppc_400_size_seed_1213.pkl,1213,400,400,county,desired,0.7464907661713741
sample_10_state_county_desired_5ppc_400_size_seed_123.pkl,123,400,400,county,desired,0.7552057342125538
sample_10_state_county_desired_5ppc_400_size_seed_1234.pkl,1234,400,400,county,desired,0.7653979892222211
sample_10_state_county_desired_5ppc_400_size_seed_1415.pkl,1415,400,400,county,desired,0.7219874940281427
sample_10_state_county_desired_5ppc_400_size_seed_42.pkl,42,400,400,county,desired,0.6339096247251852
sample_10_state_county_desired_5ppc_400_size_seed_456.pkl,456,400,400,county,desired,0.7379088486118681
sample_10_state_county_desired_5ppc_400_size_seed_5678.pkl,5678,400,400,county,desired,0.7263489337061677
sample_10_state_county_desired_5ppc_400_size_seed_789.pkl,789,400,400,county,desired,0.7873866816621958
sample_10_state_county_desired_5ppc_400_size_seed_9101.pkl,9101,400,400,county,desired,0.7799302043429637
sample_10_state_county_desired_5ppc_500_size_seed_1.pkl,1,500,500,county,desired,0.7664844261959498
sample_10_state_county_desired_5ppc_500_size_seed_1213.pkl,1213,500,500,county,desired,0.7242397638674876
sample_10_state_county_desired_5ppc_500_size_seed_123.pkl,123,500,500,county,desired,0.7499567750249143
sample_10_state_county_desired_5ppc_500_size_seed_1234.pkl,1234,500,500,county,desired,0.7867640246446983
sample_10_state_county_desired_5ppc_500_size_seed_1415.pkl,1415,500,500,county,desired,0.7683161326457023
sample_10_state_county_desired_5ppc_500_size_seed_42.pkl,42,500,500,county,desired,0.7314235466781951
sample_10_state_county_desired_5ppc_500_size_seed_456.pkl,456,500,500,county,desired,0.7665401208905555
sample_10_state_county_desired_5ppc_500_size_seed_5678.pkl,5678,500,500,county,desired,0.7709672180193732
sample_10_state_county_desired_5ppc_500_size_seed_789.pkl,789,500,500,county,desired,0.7931308313347459
sample_10_state_county_desired_5ppc_500_size_seed_9101.pkl,9101,500,500,county,desired,0.8046058290525042
sample_10_state_county_desired_5ppc_600_size_seed_1.pkl,1,600,600,county,desired,0.7577427905328531
sample_10_state_county_desired_5ppc_600_size_seed_1213.pkl,1213,600,600,county,desired,0.762023051387926
sample_10_state_county_desired_5ppc_600_size_seed_123.pkl,123,600,600,county,desired,0.7813732775394353
sample_10_state_county_desired_5ppc_600_size_seed_1234.pkl,1234,600,600,county,desired,0.8010316413860047
sample_10_state_county_desired_5ppc_600_size_seed_1415.pkl,1415,600,600,county,desired,0.7814803426439685
sample_10_state_county_desired_5ppc_600_size_seed_42.pkl,42,600,600,county,desired,0.7511164837008149
sample_10_state_county_desired_5ppc_600_size_seed_456.pkl,456,600,600,county,desired,0.7780326118385894
sample_10_state_county_desired_5ppc_600_size_seed_5678.pkl,5678,600,600,county,desired,0.7775210053404065
sample_10_state_county_desired_5ppc_600_size_seed_789.pkl,789,600,600,county,desired,0.7957640537597391
sample_10_state_county_desired_5ppc_600_size_seed_9101.pkl,9101,600,600,county,desired,0.8153230073203871
sample_10_state_county_desired_5ppc_700_size_seed_1.pkl,1,700,700,county,desired,0.7629838836615862
sample_10_state_county_desired_5ppc_700_size_seed_1213.pkl,1213,700,700,county,desired,0.76712502978995
sample_10_state_county_desired_5ppc_700_size_seed_123.pkl,123,700,700,county,desired,0.7980282254096693
sample_10_state_county_desired_5ppc_700_size_seed_1234.pkl,1234,700,700,county,desired,0.7998231780861872
sample_10_state_county_desired_5ppc_700_size_seed_1415.pkl,1415,700,700,county,desired,0.7887658479557449
sample_10_state_county_desired_5ppc_700_size_seed_42.pkl,42,700,700,county,desired,0.7514960110467944
sample_10_state_county_desired_5ppc_700_size_seed_456.pkl,456,700,700,county,desired,0.7847097662341802
sample_10_state_county_desired_5ppc_700_size_seed_5678.pkl,5678,700,700,county,desired,0.7723551361694211
sample_10_state_county_desired_5ppc_700_size_seed_789.pkl,789,700,700,county,desired,0.8130136144810272
sample_10_state_county_desired_5ppc_700_size_seed_9101.pkl,9101,700,700,county,desired,0.8044644278315948
sample_10_state_county_desired_5ppc_800_size_seed_1.pkl,1,800,800,county,desired,0.7682894743351112
sample_10_state_county_desired_5ppc_800_size_seed_1213.pkl,1213,800,800,county,desired,0.7776320166978651
sample_10_state_county_desired_5ppc_800_size_seed_123.pkl,123,800,800,county,desired,0.8114066872470383
sample_10_state_county_desired_5ppc_800_size_seed_1234.pkl,1234,800,800,county,desired,0.8124173389544052
sample_10_state_county_desired_5ppc_800_size_seed_1415.pkl,1415,800,800,county,desired,0.7867676283823262
sample_10_state_county_desired_5ppc_800_size_seed_42.pkl,42,800,800,county,desired,0.7724015286251648
sample_10_state_county_desired_5ppc_800_size_seed_456.pkl,456,800,800,county,desired,0.7715343675377192
sample_10_state_county_desired_5ppc_800_size_seed_5678.pkl,5678,800,800,county,desired,0.7865983272355677
sample_10_state_county_desired_5ppc_800_size_seed_789.pkl,789,800,800,county,desired,0.8065156028590836
sample_10_state_county_desired_5ppc_800_size_seed_9101.pkl,9101,800,800,county,desired,0.8032550960019087
sample_10_state_county_desired_5ppc_900_size_seed_1.pkl,1,900,900,county,desired,0.7897940417395602
sample_10_state_county_desired_5ppc_900_size_seed_1213.pkl,1213,900,900,county,desired,0.7754007173709394
sample_10_state_county_desired_5ppc_900_size_seed_123.pkl,123,900,900,county,desired,0.8137800147754533
sample_10_state_county_desired_5ppc_900_size_seed_1234.pkl,1234,900,900,county,desired,0.8158698184863012
sample_10_state_county_desired_5ppc_900_size_seed_1415.pkl,1415,900,900,county,desired,0.8104669833115079
sample_10_state_county_desired_5ppc_900_size_seed_42.pkl,42,900,900,county,desired,0.7657602696650306
sample_10_state_county_desired_5ppc_900_size_seed_456.pkl,456,900,900,county,desired,0.7688827999510423
sample_10_state_county_desired_5ppc_900_size_seed_5678.pkl,5678,900,900,county,desired,0.7982301668615484
sample_10_state_county_desired_5ppc_900_size_seed_789.pkl,789,900,900,county,desired,0.8125975998314156
sample_10_state_county_desired_5ppc_900_size_seed_9101.pkl,9101,900,900,county,desired,0.8110759940657615
